period,year,month,rfh_mean,rfh_avg_mean,rfh_anomaly,r1h_mean,r1h_avg_mean,r3h_mean,r3h_avg_mean,rfq_mean,r1q_mean,r3q_mean,observations
1981-01,1981,1,5.7652,14.8468,-9.0816,5.7652,14.8468,0.0,0.0,59.0437,16.2459,0.0,243
1981-02,1981,2,10.5262,13.7901,-3.2639,25.1832,42.2926,0.0,0.0,81.4252,66.4187,0.0,243
1981-03,1981,3,70.2982,33.9506,36.3476,108.8158,76.5115,86.5895,62.5875,191.9443,140.961,53.3519,243
1981-04,1981,4,80.7012,61.9097,18.7915,282.2219,160.6009,416.2209,279.405,131.2882,181.1532,156.7219,243
1981-05,1981,5,48.626,49.0177,-0.3917,191.7544,167.4195,582.7922,404.532,104.2245,121.9612,150.9764,243
1981-06,1981,6,17.0118,23.4404,-6.4286,58.5836,92.25,532.5599,420.2705,85.3699,72.6763,134.8692,243
1981-07,1981,7,29.7338,20.9574,8.7764,76.6336,61.6215,326.9716,321.2911,129.5968,119.8987,113.362,243
1981-08,1981,8,28.8836,24.2402,4.6434,90.493,69.8611,225.7102,223.7327,116.8146,126.532,102.8748,243
1981-09,1981,9,25.7663,21.2376,4.5287,75.9543,69.0679,243.0809,200.5506,119.2862,113.3679,120.4977,243
1981-10,1981,10,26.7176,34.3943,-7.6767,81.3329,84.6557,247.7802,223.5848,83.2671,99.0543,110.0905,243
1981-11,1981,11,24.2324,46.6301,-22.3977,78.8779,135.0922,236.1651,288.8158,55.658,58.6668,79.855,243
1981-12,1981,12,21.4627,27.4213,-5.9586,63.2165,100.3696,223.4273,320.1175,84.5254,64.2962,68.4818,243
1982-01,1982,1,9.1336,14.8468,-5.7132,41.22,56.07,183.3145,290.1601,71.9644,75.9099,62.0641,243
1982-02,1982,2,11.7826,13.7901,-2.0075,34.7446,42.2926,139.1811,196.9006,84.4701,78.5504,70.7284,243
1982-03,1982,3,19.2798,33.9506,-14.6708,39.3874,76.5115,115.3521,174.8741,61.2984,55.3047,67.2837,243
1982-04,1982,4,66.4262,61.9097,4.5165,144.6748,160.6009,218.8068,279.405,108.6546,91.2855,79.9145,243
1982-05,1982,5,67.2498,49.0177,18.2321,224.2107,167.4195,408.2729,404.532,135.0627,133.8338,102.8206,243
1982-06,1982,6,22.4595,23.4404,-0.9809,102.6854,92.25,471.5708,420.2705,99.1282,112.6141,114.0746,243
1982-07,1982,7,20.406,20.9574,-0.5514,61.2185,61.6215,388.1146,321.2911,99.691,103.8238,123.1524,243
1982-08,1982,8,25.423,24.2402,1.1828,78.7377,69.8611,242.6416,223.7327,102.1139,108.2456,111.2686,243
1982-09,1982,9,19.6272,21.2376,-1.6104,60.4854,69.0679,200.4416,200.5506,103.1068,97.1393,103.242,243
1982-10,1982,10,55.4707,34.3943,21.0764,124.0852,84.6557,263.3083,223.5848,164.0302,160.3254,139.1384,243
1982-11,1982,11,65.7259,46.6301,19.0958,179.9918,135.0922,364.5624,288.8158,143.9852,136.5125,131.5116,243
1982-12,1982,12,29.6509,27.4213,2.2296,146.8626,100.3696,450.9396,320.1175,108.3661,143.1277,142.9219,243
1983-01,1983,1,8.5762,14.8468,-6.2706,38.8791,56.07,365.7335,290.1601,68.7421,71.543,126.996,243
1983-02,1983,2,15.6812,13.7901,1.8911,43.0632,42.2926,228.8049,196.9006,108.4312,102.1714,115.0697,243
1983-03,1983,3,17.6906,33.9506,-16.26,42.2163,76.5115,124.1586,174.8741,53.9321,58.3002,70.3125,243
1983-04,1983,4,54.1678,61.9097,-7.7419,110.7321,160.6009,196.0116,279.405,83.9714,64.2657,65.5749,243
1983-05,1983,5,47.5138,49.0177,-1.5039,167.0246,167.4195,319.9731,404.532,98.5107,98.0842,76.1088,243
1983-06,1983,6,23.8662,23.4404,0.4258,95.1252,92.25,372.882,420.2705,104.0851,106.2666,85.6303,243
1983-07,1983,7,19.5285,20.9574,-1.4289,62.1124,61.6215,324.2623,321.2911,98.2331,103.5092,101.7296,243
1983-08,1983,8,31.4416,24.2402,7.2014,83.0117,69.8611,240.2493,223.7327,118.2006,115.5472,109.9152,243
1983-09,1983,9,23.4289,21.2376,2.1913,84.3082,69.0679,229.4323,200.5506,105.2351,115.7993,112.7726,243
1983-10,1983,10,33.9611,34.3943,-0.4332,94.3757,84.6557,261.6956,223.5848,97.8337,104.2748,108.7668,243
1983-11,1983,11,31.421,46.6301,-15.2091,96.7546,135.0922,275.4385,288.8158,71.3056,71.1958,88.2109,243
1983-12,1983,12,25.6589,27.4213,-1.7624,73.315,100.3696,264.4454,320.1175,93.0531,74.488,79.6891,243
1984-01,1984,1,7.3474,14.8468,-7.4994,45.9911,56.07,216.0608,290.1601,63.6801,78.7126,72.3968,243
1984-02,1984,2,6.4283,13.7901,-7.3618,19.2981,42.2926,138.6042,196.9006,64.131,52.3178,69.8183,243
1984-03,1984,3,10.3045,33.9506,-23.6461,26.623,76.5115,91.9121,174.8741,42.2855,40.9119,53.6358,243
1984-04,1984,4,49.7253,61.9097,-12.1844,104.7596,160.6009,150.6807,279.405,81.9742,62.868,52.4394,243
1984-05,1984,5,20.5778,49.0177,-28.4399,97.7335,167.4195,229.1161,404.532,49.028,59.1181,56.5226,243
1984-06,1984,6,20.0223,23.4404,-3.4181,60.5318,92.25,263.025,420.2705,87.4955,67.8007,61.908,243
1984-07,1984,7,23.8931,20.9574,2.9357,58.399,61.6215,216.6643,321.2911,110.3473,98.0158,66.8565,243
1984-08,1984,8,23.0042,24.2402,-1.236,76.7418,69.8611,195.6726,223.7327,92.9064,104.0318,84.226,243
1984-09,1984,9,15.6676,21.2376,-5.57,58.418,69.0679,193.5588,200.5506,89.783,92.3333,97.3205,243
1984-10,1984,10,33.3936,34.3943,-1.0007,83.0079,84.6557,218.1677,223.5848,104.7068,107.3333,105.3159,243
1984-11,1984,11,52.4026,46.6301,5.7725,136.7867,135.0922,278.2126,288.8158,112.1542,100.893,102.5602,243
1984-12,1984,12,22.4337,27.4213,-4.9876,103.5453,100.3696,323.34,320.1175,86.0916,100.7995,100.4901,243
1985-01,1985,1,12.0028,14.8468,-2.844,29.8816,56.07,270.2136,290.1601,87.3197,63.7206,93.2761,243
1985-02,1985,2,18.7235,13.7901,4.9334,64.7195,42.2926,198.1464,196.9006,133.7995,148.9933,99.4621,243
1985-03,1985,3,44.6758,33.9506,10.7252,66.5113,76.5115,161.1124,174.8741,111.8538,82.2353,93.6439,243
1985-04,1985,4,75.6347,61.9097,13.725,235.1612,160.6009,366.3921,279.405,123.7818,144.9985,130.0369,243
1985-05,1985,5,50.8022,49.0177,1.7845,182.4828,167.4195,484.1554,404.532,104.3736,109.7831,120.2084,243
1985-06,1985,6,19.7655,23.4404,-3.6749,79.9705,92.25,497.6146,420.2705,91.4683,90.2033,119.6545,243
1985-07,1985,7,26.877,20.9574,5.9196,72.5324,61.6215,334.9858,321.2911,120.3584,116.4658,105.5307,243
1985-08,1985,8,21.9784,24.2402,-2.2618,75.6056,69.8611,228.1086,223.7327,94.868,103.4494,100.6743,243
1985-09,1985,9,18.457,21.2376,-2.7806,57.0929,69.0679,205.231,200.5506,91.4696,88.2247,101.0823,243
1985-10,1985,10,20.1362,34.3943,-14.2581,54.8843,84.6557,187.5829,223.5848,67.5394,71.7216,84.2861,243
1985-11,1985,11,38.4443,46.6301,-8.1858,106.2851,135.0922,218.2623,288.8158,83.3597,77.9247,74.8436,243
1985-12,1985,12,15.725,27.4213,-11.6963,67.0431,100.3696,228.2125,320.1175,62.2067,65.4347,69.8561,243
1986-01,1986,1,7.6611,14.8468,-7.1857,26.7985,56.07,200.1268,290.1601,65.5117,51.8436,67.3207,243
1986-02,1986,2,9.0154,13.7901,-4.7747,29.3714,42.2926,123.2131,196.9006,73.0914,67.8515,60.5117,243
1986-03,1986,3,30.8717,33.9506,-3.0789,76.705,76.5115,132.875,174.8741,96.4029,101.2333,74.5105,243
1986-04,1986,4,82.009,61.9097,20.0993,170.2275,160.6009,276.304,279.405,129.273,103.021,96.9966,243
1986-05,1986,5,49.8222,49.0177,0.8045,197.474,167.4195,444.4065,404.532,101.2146,118.851,110.4925,243
1986-06,1986,6,19.6396,23.4404,-3.8008,91.249,92.25,458.9505,420.2705,96.5581,103.6403,111.807,243
1986-07,1986,7,18.5178,20.9574,-2.4396,52.3178,61.6215,341.0407,321.2911,92.064,90.5439,111.4549,243
1986-08,1986,8,15.8166,24.2402,-8.4236,50.6386,69.8611,194.2053,223.7327,78.6975,78.6473,92.0808,243
1986-09,1986,9,16.7248,21.2376,-4.5128,50.3911,69.0679,153.3474,200.5506,87.4421,82.8052,81.1866,243
1986-10,1986,10,28.5749,34.3943,-5.8194,67.923,84.6557,168.9527,223.5848,84.0844,79.4983,76.2616,243
1986-11,1986,11,40.4071,46.6301,-6.223,112.5284,135.0922,230.8425,288.8158,84.4623,81.4779,79.3254,243
1986-12,1986,12,29.7586,27.4213,2.3373,117.5846,100.3696,298.036,320.1175,103.3758,111.7146,92.4796,243
1987-01,1987,1,13.5391,14.8468,-1.3077,40.2428,56.07,270.3558,290.1601,91.8578,75.5882,90.9903,243
1987-02,1987,2,15.4809,13.7901,1.6908,41.5411,42.2926,199.3685,196.9006,98.6793,86.7081,100.8479,243
1987-03,1987,3,29.3832,33.9506,-4.5674,84.5802,76.5115,166.3642,174.8741,88.2839,100.2551,87.1555,243
1987-04,1987,4,50.9407,61.9097,-10.969,138.7132,160.6009,264.8346,279.405,87.0745,89.4968,92.8181,243
1987-05,1987,5,54.8142,49.0177,5.7965,154.1723,167.4195,377.4658,404.532,116.3198,96.8361,94.1622,243
1987-06,1987,6,30.4227,23.4404,6.9823,121.2627,92.25,414.1483,420.2705,127.8781,141.445,100.9679,243
1987-07,1987,7,13.6786,20.9574,-7.2788,44.5552,61.6215,319.9903,321.2911,81.0762,81.8453,104.806,243
1987-08,1987,8,21.4389,24.2402,-2.8013,54.8554,69.8611,220.6733,223.7327,102.756,97.9136,113.1859,243
1987-09,1987,9,16.5436,21.2376,-4.694,51.4694,69.0679,150.88,200.5506,84.9332,84.5956,88.064,243
1987-10,1987,10,23.1106,34.3943,-11.2837,66.6164,84.6557,172.9412,223.5848,69.6374,74.5031,78.4548,243
1987-11,1987,11,41.6612,46.6301,-4.9689,118.8219,135.0922,236.9078,288.8158,90.6111,87.0542,76.4849,243
1987-12,1987,12,10.5895,27.4213,-16.8318,56.6919,100.3696,242.1303,320.1175,49.556,57.3498,72.9215,243
1988-01,1988,1,20.006,14.8468,5.1592,46.7411,56.07,222.2549,290.1601,120.0485,87.5527,75.6311,243
1988-02,1988,2,10.3064,13.7901,-3.4837,41.908,42.2926,145.341,196.9006,81.7858,91.717,71.3398,243
1988-03,1988,3,39.346,33.9506,5.3954,75.7353,76.5115,164.3844,174.8741,112.143,94.1286,91.148,243
1988-04,1988,4,92.6289,61.9097,30.7192,219.2201,160.6009,336.8635,279.405,145.2978,136.9347,121.771,243
1988-05,1988,5,34.0101,49.0177,-15.0076,188.3535,167.4195,483.3089,404.532,71.3086,109.0723,120.8424,243
1988-06,1988,6,22.2092,23.4404,-1.2312,69.4465,92.25,477.0201,420.2705,104.0636,85.5314,116.774,243
1988-07,1988,7,28.3549,20.9574,7.3975,72.0785,61.6215,329.8784,321.2911,122.5487,117.4111,103.8421,243
1988-08,1988,8,29.1057,24.2402,4.8655,92.0803,69.8611,233.6053,223.7327,112.5927,123.2604,105.7659,243
1988-09,1988,9,27.7605,21.2376,6.5229,82.6483,69.0679,246.8071,200.5506,124.6844,120.7106,122.303,243
1988-10,1988,10,28.739,34.3943,-5.6553,86.5264,84.6557,261.255,223.5848,84.5216,99.6569,109.4399,243
1988-11,1988,11,41.0199,46.6301,-5.6102,118.0264,135.0922,287.2011,288.8158,84.159,83.5363,96.5362,243
1988-12,1988,12,27.7439,27.4213,0.3226,76.2046,100.3696,280.7574,320.1175,106.8865,76.1075,85.3801,243
1989-01,1989,1,16.4223,14.8468,1.5755,78.4133,56.07,272.6443,290.1601,110.7086,140.9977,90.5604,243
1989-02,1989,2,17.6075,13.7901,3.8174,59.0416,42.2926,213.6595,196.9006,117.5566,127.3508,108.6826,243
1989-03,1989,3,38.0916,33.9506,4.141,66.3412,76.5115,203.796,174.8741,103.6042,81.2759,120.4736,243
1989-04,1989,4,58.2061,61.9097,-3.7036,178.2355,160.6009,303.6182,279.405,96.9569,115.181,110.3934,243
1989-05,1989,5,46.0108,49.0177,-3.0069,147.1428,167.4195,391.7194,404.532,100.4111,94.012,99.1657,243
1989-06,1989,6,16.2001,23.4404,-7.2403,79.1546,92.25,404.5329,420.2705,77.3667,87.2881,100.3779,243
1989-07,1989,7,20.2031,20.9574,-0.7543,50.8933,61.6215,277.1907,321.2911,99.6381,89.9154,92.7247,243
1989-08,1989,8,24.3093,24.2402,0.0691,68.3903,69.8611,198.4382,223.7327,101.4569,98.816,92.3189,243
1989-09,1989,9,20.7424,21.2376,-0.4952,64.8122,69.0679,184.0958,200.5506,104.3666,101.5447,97.4939,243
1989-10,1989,10,34.3631,34.3943,-0.0312,90.0995,84.6557,223.3021,223.5848,100.214,107.7902,101.9606,243
1989-11,1989,11,46.6394,46.6301,0.0093,111.7997,135.0922,266.7115,288.8158,102.5334,81.9286,93.2663,243
1989-12,1989,12,38.0436,27.4213,10.6223,129.5754,100.3696,331.4746,320.1175,127.7301,127.2612,103.7758,243
1990-01,1990,1,14.8867,14.8468,0.0399,87.187,56.07,328.5621,290.1601,104.4549,142.467,112.9677,243
1990-02,1990,2,31.8867,13.7901,18.0966,56.9279,42.2926,273.6904,196.9006,197.534,144.6385,140.5073,243
1990-03,1990,3,59.9864,33.9506,26.0358,173.7263,76.5115,317.8413,174.8741,183.0014,235.4512,184.7257,243
1990-04,1990,4,72.6824,61.9097,10.7727,217.164,160.6009,447.8183,279.405,119.7474,141.2034,167.7452,243
1990-05,1990,5,38.4284,49.0177,-10.5893,126.4924,167.4195,517.3827,404.532,81.6084,76.123,132.4079,243
1990-06,1990,6,12.0341,23.4404,-11.4063,65.8029,92.25,409.4593,420.2705,69.5769,75.172,102.417,243
1990-07,1990,7,16.8178,20.9574,-4.1396,43.5544,61.6215,235.8497,321.2911,87.5567,77.6987,75.2233,243
1990-08,1990,8,22.2063,24.2402,-2.0339,56.9282,69.8611,166.2855,223.7327,89.9177,83.3184,77.3839,243
1990-09,1990,9,15.963,21.2376,-5.2746,61.1452,69.0679,161.6278,200.5506,87.8578,90.1298,82.3908,243
1990-10,1990,10,30.4338,34.3943,-3.9605,68.824,84.6557,186.8974,223.5848,91.3262,87.8445,87.8451,243
1990-11,1990,11,35.454,46.6301,-11.1761,116.6385,135.0922,246.6077,288.8158,74.6934,84.261,87.2746,243
1990-12,1990,12,29.9592,27.4213,2.5379,92.8696,100.3696,278.3321,320.1175,111.2471,94.2276,86.9465,243
1991-01,1991,1,16.1322,14.8468,1.2854,56.2417,56.07,265.7499,290.1601,104.286,99.1677,90.7161,243
1991-02,1991,2,8.3844,13.7901,-5.4057,31.3871,42.2926,180.4984,196.9006,71.4622,74.9597,94.34,243
1991-03,1991,3,35.4372,33.9506,1.4866,61.2525,76.5115,148.8813,174.8741,97.1783,76.0601,85.1867,243
1991-04,1991,4,48.9549,61.9097,-12.9548,157.8876,160.6009,250.5272,279.405,81.4098,99.0867,89.3614,243
1991-05,1991,5,60.6739,49.0177,11.6562,156.6923,167.4195,375.8324,404.532,123.4876,94.9932,92.3966,243
1991-06,1991,6,23.9952,23.4404,0.5548,118.7296,92.25,433.3095,420.2705,100.2988,125.2846,102.0236,243
1991-07,1991,7,20.6639,20.9574,-0.2935,64.152,61.6215,339.5739,321.2911,105.5344,111.4013,106.8686,243
1991-08,1991,8,23.4095,24.2402,-0.8307,61.2307,69.8611,244.1123,223.7327,99.8467,95.8503,116.5812,243
1991-09,1991,9,16.2799,21.2376,-4.9577,59.2844,69.0679,184.6672,200.5506,84.718,89.4743,101.3597,243
1991-10,1991,10,32.7122,34.3943,-1.6821,75.3667,84.6557,195.8819,223.5848,91.2214,86.0626,87.5339,243
1991-11,1991,11,28.5332,46.6301,-18.0969,96.1922,135.0922,230.8434,288.8158,64.2344,71.1686,76.543,243
1991-12,1991,12,22.9759,27.4213,-4.4454,73.722,100.3696,245.2809,320.1175,88.213,75.6925,75.6274,243
1992-01,1992,1,5.676,14.8468,-9.1708,35.7834,56.07,205.6976,290.1601,58.2757,68.3925,70.1234,243
1992-02,1992,2,11.8098,13.7901,-1.9803,33.0381,42.2926,142.5435,196.9006,86.6807,77.2845,74.2964,243
1992-03,1992,3,13.9089,33.9506,-20.0417,34.3699,76.5115,103.1914,174.8741,49.6073,48.5241,61.0435,243
1992-04,1992,4,64.7115,61.9097,2.8018,151.3779,160.6009,218.7859,279.405,105.0189,94.6176,78.6941,243
1992-05,1992,5,40.822,49.0177,-8.1957,143.0954,167.4195,328.8432,404.532,85.2329,87.4303,82.2707,243
1992-06,1992,6,30.242,23.4404,6.8016,94.7754,92.25,389.2487,420.2705,111.7753,99.0143,93.5633,243
1992-07,1992,7,22.6627,20.9574,1.7053,78.1728,61.6215,316.0436,321.2911,105.8766,116.7884,97.1619,243
1992-08,1992,8,22.9181,24.2402,-1.3221,68.6702,69.8611,241.6185,223.7327,92.9866,94.893,101.6444,243
1992-09,1992,9,19.2371,21.2376,-2.0005,65.0253,69.0679,211.8683,200.5506,92.8698,91.254,99.86,243
1992-10,1992,10,31.1338,34.3943,-3.2605,77.0405,84.6557,210.736,223.5848,89.808,87.1098,87.5789,243
1992-11,1992,11,38.8205,46.6301,-7.8096,117.0845,135.0922,259.1502,288.8158,82.9722,85.7865,88.5656,243
1992-12,1992,12,33.4644,27.4213,6.0431,100.8093,100.3696,294.9343,320.1175,122.5987,103.1618,92.7353,243
1993-01,1993,1,33.3142,14.8468,18.4674,100.2505,56.07,318.1443,290.1601,191.9211,185.3106,110.4576,243
1993-02,1993,2,21.6298,13.7901,7.8397,76.5366,42.2926,277.5964,196.9006,140.6464,173.7484,147.6951,243
1993-03,1993,3,18.2794,33.9506,-15.6712,51.0407,76.5115,227.8277,174.8741,57.9962,72.667,136.6774,243
1993-04,1993,4,37.3507,61.9097,-24.559,86.6604,160.6009,214.2376,279.405,61.8967,52.8602,76.0225,243
1993-05,1993,5,50.7524,49.0177,1.7347,165.3151,167.4195,303.0162,404.532,102.2702,99.0987,73.1981,243
1993-06,1993,6,27.7974,23.4404,4.357,96.4393,92.25,348.4148,420.2705,110.3996,102.4002,80.5238,243
1993-07,1993,7,12.6964,20.9574,-8.261,48.8345,61.6215,310.589,321.2911,74.8041,82.9284,96.4898,243
1993-08,1993,8,18.0112,24.2402,-6.229,45.9499,69.8611,191.2237,223.7327,80.9564,72.007,86.016,243
1993-09,1993,9,13.8165,21.2376,-7.4211,50.7104,69.0679,145.4948,200.5506,76.8691,77.1761,75.1861,243
1993-10,1993,10,21.5157,34.3943,-12.8786,50.4327,84.6557,147.093,223.5848,70.2737,65.1717,68.4846,243
1993-11,1993,11,29.7806,46.6301,-16.8495,87.3337,135.0922,188.4768,288.8158,65.7601,66.0434,66.7292,243
1993-12,1993,12,19.543,27.4213,-7.8783,75.2724,100.3696,213.0387,320.1175,74.1691,73.0904,67.2094,243
1994-01,1994,1,7.1661,14.8468,-7.6807,26.5325,56.07,189.1386,290.1601,64.7662,53.9846,65.0541,243
1994-02,1994,2,10.5166,13.7901,-3.2735,25.4263,42.2926,127.2312,196.9006,83.9939,68.7437,66.3851,243
1994-03,1994,3,38.4076,33.9506,4.457,82.708,76.5115,134.6668,174.8741,99.857,93.0829,71.4497,243
1994-04,1994,4,58.8684,61.9097,-3.0413,140.4255,160.6009,248.5598,279.405,93.023,84.4414,83.5147,243
1994-05,1994,5,53.988,49.0177,4.9703,186.7205,167.4195,409.8541,404.532,106.6847,108.8706,97.4974,243
1994-06,1994,6,23.0198,23.4404,-0.4206,102.8467,92.25,429.9928,420.2705,99.2786,106.438,99.1886,243
1994-07,1994,7,25.9631,20.9574,5.0057,73.328,61.6215,362.8952,321.2911,116.3809,115.1639,109.126,243
1994-08,1994,8,23.2092,24.2402,-1.031,70.522,69.8611,246.6967,223.7327,98.3775,102.3394,107.6787,243
1994-09,1994,9,14.6827,21.2376,-6.5549,56.2463,69.0679,200.0962,200.5506,85.3563,90.8873,102.7387,243
1994-10,1994,10,32.9954,34.3943,-1.3989,74.06,84.6557,200.8283,223.5848,101.6839,97.9797,102.5987,243
1994-11,1994,11,77.7984,46.6301,31.1683,202.5915,135.0922,332.8978,288.8158,157.0211,145.7499,121.9158,243
1994-12,1994,12,22.801,27.4213,-4.6203,125.0726,100.3696,401.7241,320.1175,81.5689,116.8393,124.5073,243
1995-01,1995,1,8.5989,14.8468,-6.2479,31.1568,56.07,358.8209,290.1601,68.8852,58.6689,121.3879,243
1995-02,1995,2,19.2359,13.7901,5.4458,48.6317,42.2926,204.8611,196.9006,124.1947,112.7394,102.5223,243
1995-03,1995,3,39.5605,33.9506,5.6099,107.8612,76.5115,187.6497,174.8741,122.5585,143.5471,106.6702,243
1995-04,1995,4,62.7179,61.9097,0.8082,129.2336,160.6009,285.7265,279.405,99.1172,79.1841,100.4524,243
1995-05,1995,5,43.6625,49.0177,-5.3552,172.6177,167.4195,409.7124,404.532,90.0904,102.5391,100.9315,243
1995-06,1995,6,22.9407,23.4404,-0.4997,89.1978,92.25,391.0491,420.2705,95.6426,94.0677,92.9161,243
1995-07,1995,7,22.7861,20.9574,1.8287,72.9136,61.6215,334.7292,321.2911,109.238,112.0061,103.8743,243
1995-08,1995,8,18.4071,24.2402,-5.8331,55.449,69.8611,217.5604,223.7327,92.8113,93.329,98.324,243
1995-09,1995,9,22.4655,21.2376,1.2279,66.3978,69.0679,194.7604,200.5506,103.9342,101.5418,101.4863,243
1995-10,1995,10,43.6029,34.3943,9.2086,93.3337,84.6557,215.1805,223.5848,118.7252,107.8339,101.2522,243
1995-11,1995,11,37.7923,46.6301,-8.8378,129.2959,135.0922,289.0274,288.8158,84.2057,94.9035,97.9336,243
1995-12,1995,12,21.3972,27.4213,-6.0241,83.3979,100.3696,306.0275,320.1175,84.8527,84.1569,93.1709,243
1996-01,1996,1,15.0516,14.8468,0.2048,51.3181,56.07,264.0119,290.1601,98.966,92.509,89.638,243
1996-02,1996,2,21.0869,13.7901,7.2968,58.7431,42.2926,193.4591,196.9006,124.0024,123.5442,97.1731,243
1996-03,1996,3,41.9905,33.9506,8.0399,90.1026,76.5115,200.1638,174.8741,116.1426,111.7432,110.2575,243
1996-04,1996,4,40.6386,61.9097,-21.2711,145.956,160.6009,294.8017,279.405,68.4048,92.4978,102.782,243
1996-05,1996,5,45.7035,49.0177,-3.3142,116.7249,167.4195,352.7836,404.532,94.9954,69.266,84.99,243
1996-06,1996,6,23.7424,23.4404,0.302,104.1492,92.25,366.8302,420.2705,107.0622,116.5627,84.9126,243
1996-07,1996,7,25.8397,20.9574,4.8823,73.4833,61.6215,294.3575,321.2911,120.4764,118.4737,89.1848,243
1996-08,1996,8,26.0627,24.2402,1.8225,66.8568,69.8611,244.4893,223.7327,100.74,96.2819,111.6182,243
1996-09,1996,9,24.8799,21.2376,3.6423,88.5694,69.0679,228.9095,200.5506,103.5086,113.603,110.2176,243
1996-10,1996,10,21.6669,34.3943,-12.7274,66.9348,84.6557,222.361,223.5848,67.8692,74.8117,89.8165,243
1996-11,1996,11,46.674,46.6301,0.0439,100.7571,135.0922,256.2612,288.8158,99.7542,73.8079,82.9757,243
1996-12,1996,12,11.1824,27.4213,-16.2389,83.5873,100.3696,251.2791,320.1175,50.3655,79.7112,76.9427,243
1997-01,1997,1,10.3131,14.8468,-4.5337,28.8684,56.07,213.2127,290.1601,75.1147,54.8982,72.8049,243
1997-02,1997,2,2.8722,13.7901,-10.9179,16.5975,42.2926,129.0531,196.9006,50.8078,49.744,63.6818,243
1997-03,1997,3,25.0829,33.9506,-8.8677,32.7423,76.5115,78.2081,174.8741,72.8151,47.3849,47.6164,243
1997-04,1997,4,96.4678,61.9097,34.5581,234.7868,160.6009,284.1265,279.405,152.3992,146.9604,106.8655,243
1997-05,1997,5,37.0656,49.0177,-11.9521,186.306,167.4195,453.8351,404.532,79.166,115.3184,117.7829,243
1997-06,1997,6,25.2193,23.4404,1.7789,70.3453,92.25,491.4381,420.2705,105.8482,80.7563,123.5072,243
1997-07,1997,7,21.227,20.9574,0.2696,73.0829,61.6215,329.7342,321.2911,103.3468,115.5624,109.0996,243
1997-08,1997,8,22.6832,24.2402,-1.557,72.4955,69.8611,215.9237,223.7327,96.5266,101.2477,94.8077,243
1997-09,1997,9,6.9158,21.2376,-14.3218,29.8259,69.0679,175.4042,200.5506,62.3643,60.9642,91.8021,243
1997-10,1997,10,58.8007,34.3943,24.4064,112.5708,84.6557,214.8922,223.5848,170.023,148.452,122.6335,243
1997-11,1997,11,91.8756,46.6301,45.2455,255.2391,135.0922,397.6358,288.8158,194.338,191.6763,156.2046,243
1997-12,1997,12,61.114,27.4213,33.6927,223.2021,100.3696,591.012,320.1175,200.5658,217.6754,192.0843,243
1998-01,1998,1,48.9762,14.8468,34.1294,161.0922,56.07,639.5334,290.1601,273.2106,287.0749,224.7177,243
1998-02,1998,2,23.1814,13.7901,9.3913,89.6925,42.2926,473.9868,196.9006,153.591,216.1081,245.4104,243
1998-03,1998,3,22.1206,33.9506,-11.83,58.5838,76.5115,309.3685,174.8741,73.4585,88.5323,188.1289,243
1998-04,1998,4,60.2753,61.9097,-1.6344,147.3526,160.6009,295.6289,279.405,99.5042,92.8378,110.7965,243
1998-05,1998,5,63.1417,49.0177,14.124,202.8404,167.4195,408.7768,404.532,134.6741,127.6286,102.9026,243
1998-06,1998,6,30.8785,23.4404,7.4381,117.4554,92.25,467.6484,420.2705,131.1462,138.9521,113.0447,243
1998-07,1998,7,23.0529,20.9574,2.0955,62.583,61.6215,382.8788,321.2911,107.0691,104.589,129.2342,243
1998-08,1998,8,20.1314,24.2402,-4.1088,63.8806,69.8611,243.9191,223.7327,89.2796,97.1034,121.2543,243
1998-09,1998,9,20.2765,21.2376,-0.9611,61.9344,69.0679,188.398,200.5506,95.225,91.7648,98.925,243
1998-10,1998,10,27.5778,34.3943,-6.8165,75.3568,84.6557,201.1717,223.5848,80.4165,85.7793,86.1969,243
1998-11,1998,11,28.0276,46.6301,-18.6025,90.4662,135.0922,227.7573,288.8158,63.7146,67.218,74.7108,243
1998-12,1998,12,8.2122,27.4213,-19.2091,39.2438,100.3696,205.0668,320.1175,43.4529,41.4444,63.6865,243
1999-01,1999,1,13.1784,14.8468,-1.6684,38.3955,56.07,168.1055,290.1601,88.3047,69.7176,58.115,243
1999-02,1999,2,4.5442,13.7901,-9.2459,17.785,42.2926,95.4243,196.9006,58.6602,54.0355,49.2132,243
1999-03,1999,3,52.0164,33.9506,18.0658,113.5784,76.5115,169.7589,174.8741,149.3045,136.2218,93.7606,243
1999-04,1999,4,52.2191,61.9097,-9.6906,157.0166,160.6009,288.38,279.405,84.8203,98.9625,102.0081,243
1999-05,1999,5,33.9365,49.0177,-15.0812,117.7568,167.4195,388.3518,404.532,70.0766,67.0472,93.1653,243
1999-06,1999,6,19.8378,23.4404,-3.6026,69.4519,92.25,344.2254,420.2705,87.5339,76.1582,78.8091,243
1999-07,1999,7,19.8395,20.9574,-1.1179,55.956,61.6215,243.1648,321.2911,96.7287,94.3297,71.1499,243
1999-08,1999,8,26.0528,24.2402,1.8126,75.5767,69.8611,200.9847,223.7327,105.9237,107.0948,88.9364,243
1999-09,1999,9,18.2251,21.2376,-3.0125,63.4546,69.0679,194.9873,200.5506,87.8997,92.28,98.2831,243
1999-10,1999,10,32.5958,34.3943,-1.7985,90.7724,84.6557,229.8037,223.5848,92.2694,95.1113,93.5884,243
1999-11,1999,11,52.4605,46.6301,5.8304,116.859,135.0922,271.0859,288.8158,106.9701,83.2536,89.0541,243
1999-12,1999,12,26.0275,27.4213,-1.3938,121.2432,100.3696,328.8745,320.1175,94.4671,112.9613,100.0399,243
2000-01,2000,1,6.2367,14.8468,-8.6101,35.4024,56.07,273.5045,290.1601,60.5934,65.0887,91.2398,243
2000-02,2000,2,4.8205,13.7901,-8.9696,16.3728,42.2926,173.0184,196.9006,57.6387,49.8703,86.1776,243
2000-03,2000,3,19.2826,33.9506,-14.668,45.7126,76.5115,97.4879,174.8741,62.1228,58.4714,55.551,243
2000-04,2000,4,37.4706,61.9097,-24.4391,91.1576,160.6009,153.2431,279.405,60.9536,56.521,53.8621,243
2000-05,2000,5,38.9506,49.0177,-10.0671,116.3079,167.4195,253.1782,404.532,78.5073,66.3768,59.9892,243
2000-06,2000,6,20.637,23.4404,-2.8034,77.1609,92.25,284.6265,420.2705,91.4516,81.8329,64.2388,243
2000-07,2000,7,20.8086,20.9574,-0.1488,62.998,61.6215,256.4669,321.2911,97.1418,97.0892,73.257,243
2000-08,2000,8,23.4132,24.2402,-0.827,69.0439,69.8611,209.2029,223.7327,95.0978,95.5224,88.2744,243
2000-09,2000,9,18.1151,21.2376,-3.1225,55.2254,69.0679,187.2674,200.5506,90.2721,84.0511,89.9373,243
2000-10,2000,10,29.644,34.3943,-4.7503,85.3923,84.6557,209.6616,223.5848,90.6061,98.1163,89.6815,243
2000-11,2000,11,48.1584,46.6301,1.5283,121.0335,135.0922,261.6512,288.8158,102.9165,89.2601,87.4303,243
2000-12,2000,12,28.7099,27.4213,1.2886,117.9346,100.3696,324.3604,320.1175,99.1227,111.1651,99.6016,243
2001-01,2001,1,37.4873,14.8468,22.6405,82.3138,56.07,321.2819,290.1601,195.6659,138.3976,107.7586,243
2001-02,2001,2,9.005,13.7901,-4.7851,68.8133,42.2926,269.0617,196.9006,75.4489,139.8497,126.9065,243
2001-03,2001,3,39.5488,33.9506,5.5982,71.9517,76.5115,223.0788,174.8741,109.6632,88.4784,118.8974,243
2001-04,2001,4,58.7537,61.9097,-3.156,172.7915,160.6009,313.5565,279.405,92.508,107.4163,110.3171,243
2001-05,2001,5,40.4168,49.0177,-8.6009,135.8197,167.4195,380.5628,404.532,81.7452,77.7331,92.4842,243
2001-06,2001,6,28.6337,23.4404,5.1933,98.3666,92.25,406.9777,420.2705,114.7841,102.8682,94.9783,243
2001-07,2001,7,21.5708,20.9574,0.6134,67.1887,61.6215,301.3749,321.2911,101.2688,107.3498,88.1154,243
2001-08,2001,8,20.6007,24.2402,-3.6395,67.4051,69.8611,232.9604,223.7327,90.0095,97.999,100.5586,243
2001-09,2001,9,24.55,21.2376,3.3124,68.9472,69.0679,203.541,200.5506,102.9106,94.3545,99.1888,243
2001-10,2001,10,31.1467,34.3943,-3.2476,84.8535,84.6557,221.2058,223.5848,90.6885,93.7665,91.5037,243
2001-11,2001,11,54.3302,46.6301,7.7001,158.0497,135.0922,311.8504,288.8158,114.1743,116.7273,105.0125,243
2001-12,2001,12,12.4798,27.4213,-14.9415,68.2348,100.3696,311.138,320.1175,55.5285,67.2612,96.3824,243
2002-01,2002,1,19.9212,14.8468,5.0744,51.204,56.07,277.4886,290.1601,118.7576,91.4528,95.7978,243
2002-02,2002,2,8.7838,13.7901,-5.0063,34.5142,42.2926,153.9531,196.9006,75.2512,83.5357,76.8387,243
2002-03,2002,3,41.959,33.9506,8.0084,108.0485,76.5115,193.7668,174.8741,127.6437,142.3752,108.6732,243
2002-04,2002,4,71.1057,61.9097,9.196,151.0622,160.6009,293.6249,279.405,112.06,90.1845,103.7855,243
2002-05,2002,5,52.8797,49.0177,3.862,219.0132,167.4195,478.1239,404.532,103.8184,130.3433,117.9116,243
2002-06,2002,6,18.0374,23.4404,-5.403,66.5721,92.25,436.6475,420.2705,84.0323,75.3955,105.3972,243
2002-07,2002,7,17.5588,20.9574,-3.3986,49.3086,61.6215,334.894,321.2911,91.1733,84.9052,109.2317,243
2002-08,2002,8,18.9653,24.2402,-5.2749,57.9947,69.8611,173.8755,223.7327,86.547,87.0794,78.749,243
2002-09,2002,9,15.7022,21.2376,-5.5354,49.8646,69.0679,157.1679,200.5506,91.5774,89.0688,85.0465,243
2002-10,2002,10,38.6559,34.3943,4.2616,86.7313,84.6557,194.5905,223.5848,107.908,101.1529,92.772,243
2002-11,2002,11,45.9348,46.6301,-0.6953,149.1869,135.0922,285.7827,288.8158,97.4556,108.6182,100.7268,243
2002-12,2002,12,47.5965,27.4213,20.1752,110.3064,100.3696,346.2245,320.1175,170.3007,118.8945,107.5214,243
2003-01,2003,1,9.0576,14.8468,-5.7892,86.946,56.07,346.4393,290.1601,72.1355,145.3696,119.8571,243
2003-02,2003,2,8.0676,13.7901,-5.7225,23.4434,42.2926,220.6958,196.9006,72.6478,63.6945,116.5613,243
2003-03,2003,3,26.511,33.9506,-7.4396,42.3263,76.5115,152.7156,174.8741,71.6538,54.8536,89.6806,243
2003-04,2003,4,68.9974,61.9097,7.0877,148.2681,160.6009,214.0377,279.405,109.1202,90.1133,75.3056,243
2003-05,2003,5,63.125,49.0177,14.1073,240.1767,167.4195,430.771,404.532,128.9669,148.5201,108.0405,243
2003-06,2003,6,25.5977,23.4404,2.1573,107.0325,92.25,495.4772,420.2705,99.296,111.3897,120.3308,243
2003-07,2003,7,19.5343,20.9574,-1.4231,63.7257,61.6215,410.9348,321.2911,93.6871,94.2549,134.075,243
2003-08,2003,8,34.3158,24.2402,10.0756,79.2454,69.8611,250.0035,223.7327,126.2327,108.574,108.3467,243
2003-09,2003,9,19.0998,21.2376,-2.1378,84.9351,69.0679,227.9062,200.5506,93.4963,117.5927,108.3383,243
2003-10,2003,10,29.8406,34.3943,-4.5537,65.372,84.6557,229.5526,223.5848,85.8507,78.1035,99.833,243
2003-11,2003,11,35.8643,46.6301,-10.7658,110.7291,135.0922,261.0362,288.8158,78.188,80.9708,90.6992,243
2003-12,2003,12,21.3161,27.4213,-6.1052,88.233,100.3696,264.3341,320.1175,81.2992,89.1537,82.1486,243
2004-01,2004,1,24.1938,14.8468,9.347,53.3619,56.07,252.324,290.1601,144.2463,101.1775,87.3583,243
2004-02,2004,2,13.7555,13.7901,-0.0346,55.3598,42.2926,196.9547,196.9006,103.4507,131.9047,100.9544,243
2004-03,2004,3,25.6104,33.9506,-8.3402,60.4212,76.5115,169.143,174.8741,77.6213,78.0282,94.2776,243
2004-04,2004,4,68.8498,61.9097,6.9401,183.9048,160.6009,299.6859,279.405,112.8056,114.7957,107.4914,243
2004-05,2004,5,27.6187,49.0177,-21.399,118.763,167.4195,363.089,404.532,63.8679,73.004,90.6868,243
2004-06,2004,6,17.736,23.4404,-5.7044,55.1718,92.25,357.8395,420.2705,84.7549,68.6765,87.6628,243
2004-07,2004,7,13.5064,20.9574,-7.451,39.3332,61.6215,213.2679,321.2911,76.2863,74.0565,68.8716,243
2004-08,2004,8,21.7688,24.2402,-2.4714,62.9031,69.8611,157.408,223.7327,89.6537,86.2742,73.5377,243
2004-09,2004,9,26.6503,21.2376,5.4127,63.7547,69.0679,165.9909,200.5506,114.0228,91.8462,83.2343,243
2004-10,2004,10,30.0532,34.3943,-4.3411,86.9575,84.6557,213.6152,223.5848,89.6213,102.9316,94.5475,243
2004-11,2004,11,44.3849,46.6301,-2.2452,126.3299,135.0922,277.042,288.8158,98.6097,95.1063,96.811,243
2004-12,2004,12,26.5157,27.4213,-0.9056,98.814,100.3696,312.1014,320.1175,95.2663,99.7242,98.952,243
2005-01,2005,1,14.5726,14.8468,-0.2742,46.2016,56.07,271.3455,290.1601,98.2747,82.5738,95.578,243
2005-02,2005,2,9.4843,13.7901,-4.3058,40.0116,42.2926,185.0272,196.9006,79.395,93.5864,93.983,243
2005-03,2005,3,28.5816,33.9506,-5.369,63.256,76.5115,149.4692,174.8741,81.4696,77.9019,80.8004,243
2005-04,2005,4,47.802,61.9097,-14.1077,126.8792,160.6009,230.1467,279.405,78.8027,77.8536,79.3291,243
2005-05,2005,5,64.2145,49.0177,15.1968,163.5718,167.4195,353.7069,404.532,139.605,103.2127,85.8293,243
2005-06,2005,6,18.0212,23.4404,-5.4192,115.4354,92.25,405.8863,420.2705,85.1599,133.5313,96.2381,243
2005-07,2005,7,19.7161,20.9574,-1.2413,55.5409,61.6215,334.5481,321.2911,97.9945,96.6635,109.7838,243
2005-08,2005,8,22.6838,24.2402,-1.5564,67.213,69.8611,238.1892,223.7327,95.3278,95.8672,118.2958,243
2005-09,2005,9,17.3404,21.2376,-3.8972,62.39,69.0679,185.1438,200.5506,91.0443,92.9505,95.3057,243
2005-10,2005,10,24.5348,34.3943,-9.8595,58.8885,84.6557,188.4914,223.5848,73.7055,72.2127,82.2885,243
2005-11,2005,11,26.4103,46.6301,-20.2198,85.2707,135.0922,206.5492,288.8158,59.8761,62.7461,69.4408,243
2005-12,2005,12,7.2424,27.4213,-20.1789,39.8554,100.3696,184.0146,320.1175,40.351,42.3391,57.0914,243
2006-01,2006,1,9.167,14.8468,-5.6798,22.4717,56.07,147.5978,290.1601,70.6075,46.9465,50.6967,243
2006-02,2006,2,13.0415,13.7901,-0.7486,29.4152,42.2926,91.7424,196.9006,96.0142,72.5562,47.9466,243
2006-03,2006,3,40.3377,33.9506,6.3871,104.8487,76.5115,156.7356,174.8741,114.4053,130.3952,84.7907,243
2006-04,2006,4,74.0431,61.9097,12.1334,195.7962,160.6009,330.0602,279.405,119.156,123.2036,118.5903,243
2006-05,2006,5,52.2029,49.0177,3.1852,173.9728,167.4195,474.6177,404.532,103.9549,102.4328,115.7697,243
2006-06,2006,6,21.6432,23.4404,-1.7972,86.4196,92.25,456.1886,420.2705,92.2128,88.8443,108.0055,243
2006-07,2006,7,16.2285,20.9574,-4.7289,51.6051,61.6215,311.9974,321.2911,83.9497,84.3353,96.0023,243
2006-08,2006,8,21.8778,24.2402,-2.3624,69.5252,69.8611,207.5499,223.7327,101.5311,105.488,91.4901,243
2006-09,2006,9,24.2031,21.2376,2.9655,61.9231,69.0679,183.0534,200.5506,111.9443,97.2231,95.6097,243
2006-10,2006,10,39.29,34.3943,4.8957,86.3796,84.6557,217.8279,223.5848,109.789,105.5179,105.5699,243
2006-11,2006,11,92.7741,46.6301,46.144,222.3278,135.0922,370.6304,288.8158,193.6052,163.1275,133.8564,243
2006-12,2006,12,60.525,27.4213,33.1037,210.9227,100.3696,519.6301,320.1175,196.8031,206.6413,163.1267,243
2007-01,2007,1,18.2795,14.8468,3.4327,119.8993,56.07,553.1499,290.1601,109.2934,186.2229,189.6885,243
2007-02,2007,2,23.4713,13.7901,9.6812,72.5202,42.2926,403.3423,196.9006,143.529,145.2261,197.6162,243
2007-03,2007,3,27.6986,33.9506,-6.252,72.8179,76.5115,265.2374,174.8741,83.3258,92.0823,142.8131,243
2007-04,2007,4,49.5656,61.9097,-12.3441,121.2751,160.6009,266.6132,279.405,85.1313,74.9508,91.2838,243
2007-05,2007,5,51.8233,49.0177,2.8056,155.9189,167.4195,350.0119,404.532,108.5986,94.304,86.2074,243
2007-06,2007,6,27.9352,23.4404,4.4948,117.1372,92.25,394.3313,420.2705,116.9868,129.4867,94.2033,243
2007-07,2007,7,29.548,20.9574,8.5906,71.9731,61.6215,345.0293,321.2911,126.5312,115.3953,108.6221,243
2007-08,2007,8,28.7328,24.2402,4.4926,99.7181,69.8611,288.8285,223.7327,115.729,137.166,130.1073,243
2007-09,2007,9,33.4812,21.2376,12.2436,96.6605,69.0679,268.3517,200.5506,142.7109,134.9808,130.3059,243
2007-10,2007,10,29.3332,34.3943,-5.0611,82.5849,84.6557,278.9635,223.5848,84.9233,99.7712,122.1015,243
2007-11,2007,11,31.7512,46.6301,-14.8789,100.6299,135.0922,279.8753,288.8158,70.3098,73.7731,96.1808,243
2007-12,2007,12,17.2469,27.4213,-10.1744,67.6868,100.3696,250.9016,320.1175,68.1272,66.1125,77.8181,243
2008-01,2008,1,12.7093,14.8468,-2.1375,34.7157,56.07,203.0323,290.1601,97.3191,72.7129,69.509,243
2008-02,2008,2,11.7277,13.7901,-2.0624,45.4335,42.2926,147.836,196.9006,87.7377,107.2913,74.0958,243
2008-03,2008,3,43.9907,33.9506,10.0401,68.7257,76.5115,148.8749,174.8741,117.7745,86.059,87.0946,243
2008-04,2008,4,43.4071,61.9097,-18.5026,146.4213,160.6009,260.5805,279.405,72.8416,93.6759,95.195,243
2008-05,2008,5,35.2182,49.0177,-13.7995,116.4918,167.4195,331.6388,404.532,72.8696,69.0207,83.323,243
2008-06,2008,6,20.0109,23.4404,-3.4295,91.365,92.25,354.2781,420.2705,87.8006,92.0502,84.1165,243
2008-07,2008,7,25.4845,20.9574,4.5271,59.5877,61.6215,267.4446,321.2911,111.7424,94.5613,79.5907,243
2008-08,2008,8,26.7447,24.2402,2.5045,80.8941,69.8611,231.8469,223.7327,99.1051,103.8498,94.7993,243
2008-09,2008,9,22.967,21.2376,1.7294,71.4574,69.0679,211.9393,200.5506,104.8963,98.5727,97.3494,243
2008-10,2008,10,40.4745,34.3943,6.0802,103.7031,84.6557,256.0546,223.5848,115.7917,119.1028,109.036,243
2008-11,2008,11,41.8931,46.6301,-4.737,149.4839,135.0922,324.6444,288.8158,91.111,114.764,111.1339,243
2008-12,2008,12,9.7917,27.4213,-17.6296,37.7792,100.3696,290.9662,320.1175,46.2661,39.6954,90.735,243
2009-01,2009,1,14.0071,14.8468,-0.8397,29.0955,56.07,216.3586,290.1601,95.3115,59.1509,76.1699,243
2009-02,2009,2,8.2104,13.7901,-5.5797,41.7429,42.2926,108.6176,196.9006,75.749,95.826,53.4624,243
2009-03,2009,3,17.0119,33.9506,-16.9387,34.2676,76.5115,105.106,174.8741,54.0231,48.0297,58.4763,243
2009-04,2009,4,50.5595,61.9097,-11.3502,125.0553,160.6009,201.0658,279.405,81.4295,74.9773,68.8225,243
2009-05,2009,5,41.7197,49.0177,-7.298,129.5669,167.4195,288.8898,404.532,91.78,77.5817,68.3807,243
2009-06,2009,6,15.5576,23.4404,-7.8828,76.3762,92.25,330.9983,420.2705,79.777,86.7587,76.0868,243
2009-07,2009,7,12.6021,20.9574,-8.3553,39.9359,61.6215,245.8789,321.2911,72.3171,70.1464,76.3128,243
2009-08,2009,8,18.7155,24.2402,-5.5247,48.0029,69.8611,164.3149,223.7327,81.4838,71.6552,77.2922,243
2009-09,2009,9,23.6965,21.2376,2.4589,67.7866,69.0679,155.7254,200.5506,97.1179,87.87,74.6069,243
2009-10,2009,10,38.8719,34.3943,4.4776,98.6972,84.6557,214.4867,223.5848,120.3538,121.5591,102.02,243
2009-11,2009,11,31.2637,46.6301,-15.3664,109.5412,135.0922,276.025,288.8158,71.3005,82.9147,96.6489,243
2009-12,2009,12,45.2254,27.4213,17.8041,109.5864,100.3696,317.8248,320.1175,159.5742,117.2856,99.8576,243
2010-01,2010,1,16.3546,14.8468,1.5078,95.7395,56.07,314.8671,290.1601,109.3145,159.1359,110.0448,243
2010-02,2010,2,34.7152,13.7901,20.9251,63.6516,42.2926,268.9775,196.9006,197.1348,137.4401,138.5814,243
2010-03,2010,3,54.5064,33.9506,20.5558,146.9739,76.5115,306.365,174.8741,159.3508,200.3963,176.1925,243
2010-04,2010,4,59.7742,61.9097,-2.1355,177.6491,160.6009,388.2746,279.405,96.1391,113.8864,141.4811,243
2010-05,2010,5,62.3689,49.0177,13.3512,196.586,167.4195,521.209,404.532,120.7948,114.7518,130.3892,243
2010-06,2010,6,23.7277,23.4404,0.2873,106.5172,92.25,480.7524,420.2705,99.0416,107.0493,113.0159,243
2010-07,2010,7,19.6122,20.9574,-1.3452,56.2088,61.6215,359.3121,321.2911,94.0798,91.7532,107.2834,243
2010-08,2010,8,24.1837,24.2402,-0.0565,63.4601,69.8611,226.1862,223.7327,97.4879,92.806,99.2963,243
2010-09,2010,9,23.5095,21.2376,2.2719,80.5373,69.0679,200.2063,200.5506,103.5779,108.6578,98.2557,243
2010-10,2010,10,32.242,34.3943,-2.1523,81.5704,84.6557,225.5679,223.5848,90.2892,90.7128,93.8839,243
2010-11,2010,11,30.5722,46.6301,-16.0579,106.0387,135.0922,268.1464,288.8158,66.5792,76.9075,88.9575,243
2010-12,2010,12,20.2744,27.4213,-7.1469,63.4953,100.3696,251.1044,320.1175,74.9216,64.3064,76.5845,243
2011-01,2011,1,7.8975,14.8468,-6.9493,35.8518,56.07,205.3858,290.1601,66.2063,63.8619,68.786,243
2011-02,2011,2,11.8332,13.7901,-1.9569,33.0789,42.2926,132.426,196.9006,90.6826,84.8144,65.2868,243
2011-03,2011,3,31.2039,33.9506,-2.7467,62.0776,76.5115,131.0082,174.8741,88.1681,79.6459,72.1298,243
2011-04,2011,4,35.6829,61.9097,-26.2268,96.2759,160.6009,191.4323,279.405,57.4488,59.8265,66.6492,243
2011-05,2011,5,42.4106,49.0177,-6.6071,146.6914,167.4195,305.0449,404.532,85.4649,84.1622,72.335,243
2011-06,2011,6,26.9995,23.4404,3.5591,85.5969,92.25,328.5642,420.2705,112.4807,94.0848,73.8113,243
2011-07,2011,7,22.5529,20.9574,1.5955,69.3249,61.6215,301.6132,321.2911,103.2334,108.9438,89.9312,243
2011-08,2011,8,39.527,24.2402,15.2868,100.2563,69.8611,255.1781,223.7327,138.8693,134.1862,109.2928,243
2011-09,2011,9,26.9188,21.2376,5.6812,102.7212,69.0679,272.3024,200.5506,122.4828,135.2542,128.196,243
2011-10,2011,10,49.558,34.3943,15.1637,107.8906,84.6557,310.868,223.5848,141.272,132.2451,143.2231,243
2011-11,2011,11,77.3976,46.6301,30.7675,212.9108,135.0922,423.5225,288.8158,168.581,164.5314,153.6419,243
2011-12,2011,12,25.0907,27.4213,-2.3306,144.0765,100.3696,464.8779,320.1175,92.0926,146.291,151.3178,243
2012-01,2012,1,3.7845,14.8468,-11.0623,21.8396,56.07,378.8269,290.1601,49.8434,44.4217,137.1329,243
2012-02,2012,2,7.8365,13.7901,-5.9536,15.6926,42.2926,181.6087,196.9006,73.4594,50.4122,96.8613,243
2012-03,2012,3,15.9516,33.9506,-17.999,50.083,76.5115,87.6152,174.8741,55.7748,67.6537,50.465,243
2012-04,2012,4,86.3458,61.9097,24.4361,156.9109,160.6009,222.6866,279.405,132.3859,91.2809,75.3175,243
2012-05,2012,5,61.2514,49.0177,12.2337,247.3214,167.4195,454.3154,404.532,121.5944,145.5098,110.2096,243
2012-06,2012,6,31.1878,23.4404,7.7474,104.2317,92.25,508.464,420.2705,120.0194,110.0499,119.5998,243
2012-07,2012,7,24.2357,20.9574,3.2783,79.2494,61.6215,430.8025,321.2911,108.5123,120.5576,132.881,243
2012-08,2012,8,28.4147,24.2402,4.1745,86.347,69.8611,269.828,223.7327,113.0403,117.4748,115.3986,243
2012-09,2012,9,35.8245,21.2376,14.5869,107.8934,69.0679,273.4898,200.5506,131.1296,131.2038,123.688,243
2012-10,2012,10,44.3163,34.3943,9.922,109.8267,84.6557,304.0671,223.5848,125.9364,127.59,130.1719,243
2012-11,2012,11,51.0865,46.6301,4.4564,171.7962,135.0922,389.5163,288.8158,106.4901,127.8399,130.0892,243
2012-12,2012,12,42.9266,27.4213,15.5053,102.1174,100.3696,383.7403,320.1175,144.2723,104.9241,117.96,243
2013-01,2013,1,13.1559,14.8468,-1.6909,84.2182,56.07,358.1318,290.1601,93.4146,139.0419,122.6336,243
2013-02,2013,2,7.4523,13.7901,-6.3378,33.8496,42.2926,220.1852,196.9006,69.3004,80.8048,110.0484,243
2013-03,2013,3,52.0504,33.9506,18.0998,86.7821,76.5115,204.85,174.8741,145.9181,110.8703,119.9042,243
2013-04,2013,4,91.3522,61.9097,29.4425,271.9503,160.6009,392.5821,279.405,145.3699,170.4929,143.9107,243
2013-05,2013,5,37.2684,49.0177,-11.7493,165.0725,167.4195,523.805,404.532,74.3885,94.4126,132.0921,243
2013-06,2013,6,20.8441,23.4404,-2.5963,66.7407,92.25,503.7636,420.2705,93.4245,77.5626,122.6851,243
2013-07,2013,7,19.9997,20.9574,-0.9577,53.4315,61.6215,285.2448,321.2911,95.2995,90.184,85.7084,243
2013-08,2013,8,27.9951,24.2402,3.7549,77.2483,69.8611,197.4206,223.7327,107.6704,106.3106,87.6282,243
2013-09,2013,9,29.8291,21.2376,8.5915,89.1914,69.0679,219.8712,200.5506,127.2654,120.49,106.6219,243
2013-10,2013,10,26.9211,34.3943,-7.4732,91.0925,84.6557,257.5322,223.5848,85.4519,109.9178,109.9568,243
2013-11,2013,11,41.7257,46.6301,-4.9044,110.8925,135.0922,291.1763,288.8158,94.7334,86.1211,99.6419,243
2013-12,2013,12,30.2811,27.4213,2.8598,99.7264,100.3696,301.7114,320.1175,110.6696,101.2791,95.8653,243
2014-01,2014,1,8.7339,14.8468,-6.1129,45.4752,56.07,256.0941,290.1601,68.064,76.425,90.2919,243
2014-02,2014,2,20.7034,13.7901,6.9133,53.997,42.2926,199.1986,196.9006,129.8172,118.7416,98.182,243
2014-03,2014,3,39.3968,33.9506,5.4462,83.0669,76.5115,182.5391,174.8741,119.7427,110.6359,103.0304,243
2014-04,2014,4,34.8777,61.9097,-27.032,129.9998,160.6009,267.0636,279.405,62.1605,86.5765,98.9003,243
2014-05,2014,5,46.964,49.0177,-2.0537,122.5472,167.4195,335.6139,404.532,91.9263,72.418,85.0094,243
2014-06,2014,6,25.0862,23.4404,1.6458,101.6844,92.25,354.2314,420.2705,106.8775,106.4942,83.5561,243
2014-07,2014,7,21.4112,20.9574,0.4538,53.0053,61.6215,277.2369,321.2911,96.9362,92.1272,82.7557,243
2014-08,2014,8,39.6669,24.2402,15.4267,101.554,69.8611,256.2437,223.7327,142.0491,128.9509,110.4097,243
2014-09,2014,9,21.4759,21.2376,0.2383,90.371,69.0679,244.9303,200.5506,101.6479,132.6382,120.628,243
2014-10,2014,10,37.7669,34.3943,3.3726,96.3902,84.6557,288.3152,223.5848,106.553,106.79,119.0805,243
2014-11,2014,11,41.6595,46.6301,-4.9706,121.3149,135.0922,308.0761,288.8158,91.3943,89.5842,103.8298,243
2014-12,2014,12,25.8539,27.4213,-1.5674,98.5275,100.3696,316.2326,320.1175,92.3854,98.675,98.3354,243
2015-01,2015,1,3.3792,14.8468,-11.4676,26.4405,56.07,246.2829,290.1601,49.2734,52.9071,85.6958,243
2015-02,2015,2,8.1977,13.7901,-5.5924,19.583,42.2926,144.5509,196.9006,72.3034,58.2947,75.8233,243
2015-03,2015,3,21.589,33.9506,-12.3616,38.626,76.5115,84.6494,174.8741,65.9786,56.2143,53.6813,243
2015-04,2015,4,84.7776,61.9097,22.8679,205.9154,160.6009,264.1243,279.405,133.9186,126.2951,96.3076,243
2015-05,2015,5,55.9621,49.0177,6.9444,203.2632,167.4195,447.8046,404.532,108.0952,120.181,111.6257,243
2015-06,2015,6,28.9613,23.4404,5.5209,110.5212,92.25,519.6998,420.2705,109.4183,109.0709,123.3167,243
2015-07,2015,7,17.7037,20.9574,-3.2537,54.4621,61.6215,368.2465,321.2911,91.2242,93.3112,113.8676,243
2015-08,2015,8,12.6797,24.2402,-11.5605,50.866,69.8611,215.8493,223.7327,73.1057,82.915,94.9725,243
2015-09,2015,9,20.4291,21.2376,-0.8085,53.1921,69.0679,158.5202,200.5506,90.6244,78.3384,83.7638,243
2015-10,2015,10,45.3487,34.3943,10.9544,93.2226,84.6557,197.2808,223.5848,123.0616,108.5973,92.9431,243
2015-11,2015,11,67.5372,46.6301,20.9071,207.2673,135.0922,353.6821,288.8158,139.193,150.6345,121.2611,243
2015-12,2015,12,39.6728,27.4213,12.2515,143.8617,100.3696,444.3516,320.1175,137.1524,139.3173,136.2941,243
2016-01,2016,1,20.8205,14.8468,5.9737,72.2866,56.07,423.4156,290.1601,125.4839,125.6767,143.8438,243
2016-02,2016,2,7.4622,13.7901,-6.3279,36.0604,42.2926,252.2087,196.9006,74.5806,91.9471,124.6306,243
2016-03,2016,3,21.2664,33.9506,-12.6842,60.197,76.5115,168.544,174.8741,71.8253,83.3417,97.245,243
2016-04,2016,4,84.9605,61.9097,23.0508,183.7621,160.6009,280.0195,279.405,132.8228,108.2205,97.4088,243
2016-05,2016,5,48.5551,49.0177,-0.4626,196.0157,167.4195,439.9748,404.532,95.0845,116.0453,106.5991,243
2016-06,2016,6,19.6863,23.4404,-3.7541,68.2552,92.25,448.0329,420.2705,90.2429,76.3757,105.1424,243
2016-07,2016,7,19.0556,20.9574,-1.9018,57.5518,61.6215,321.8226,321.2911,88.0266,89.441,100.1291,243
2016-08,2016,8,15.4471,24.2402,-8.7931,56.3484,69.8611,182.1553,223.7327,80.5099,84.1757,79.8061,243
2016-09,2016,9,17.3026,21.2376,-3.935,42.6684,69.0679,156.5686,200.5506,87.4718,74.4048,80.3652,243
2016-10,2016,10,20.1826,34.3943,-14.2117,65.9892,84.6557,165.006,223.5848,68.3946,79.1449,73.8377,243
2016-11,2016,11,45.2158,46.6301,-1.4143,102.1786,135.0922,210.8362,288.8158,94.0016,74.2525,73.0164,243
2016-12,2016,12,9.8416,27.4213,-17.5797,70.8962,100.3696,239.0639,320.1175,48.9547,68.2124,74.6777,243
2017-01,2017,1,8.238,14.8468,-6.6088,21.0392,56.07,194.114,290.1601,71.5722,50.0855,67.0509,243
2017-02,2017,2,22.0929,13.7901,8.3028,47.3442,42.2926,139.2796,196.9006,134.4751,107.0705,72.9643,243
2017-03,2017,3,20.0038,33.9506,-13.9468,63.6389,76.5115,132.0223,174.8741,58.7277,81.4053,73.0162,243
2017-04,2017,4,44.5347,61.9097,-17.375,110.4924,160.6009,221.4755,279.405,74.0965,68.185,75.8655,243
2017-05,2017,5,54.1378,49.0177,5.1201,174.2592,167.4195,348.3905,404.532,105.5351,101.9305,83.1321,243
2017-06,2017,6,20.1714,23.4404,-3.269,78.7714,92.25,363.523,420.2705,88.5715,85.7869,83.816,243
2017-07,2017,7,33.2908,20.9574,12.3334,83.0048,61.6215,336.0354,321.2911,132.535,120.8155,101.6557,243
2017-08,2017,8,30.573,24.2402,6.3328,95.8653,69.8611,257.6415,223.7327,118.728,128.2822,109.6589,243
2017-09,2017,9,27.2886,21.2376,6.051,90.2523,69.0679,269.1224,200.5506,119.1056,124.7987,126.2472,243
2017-10,2017,10,39.367,34.3943,4.9727,95.8858,84.6557,282.0034,223.5848,112.5863,112.0085,122.1453,243
2017-11,2017,11,47.8196,46.6301,1.1895,159.299,135.0922,345.4371,288.8158,99.7287,119.3461,120.6129,243
2017-12,2017,12,11.8671,27.4213,-15.5542,59.8849,100.3696,315.0697,320.1175,50.5181,58.3485,99.744,243
2018-01,2018,1,7.6916,14.8468,-7.1552,22.3582,56.07,241.5422,290.1601,65.7291,46.1625,84.3236,243
2018-02,2018,2,10.2875,13.7901,-3.5026,24.0856,42.2926,106.3288,196.9006,82.2545,64.237,53.1722,243
2018-03,2018,3,67.1354,33.9506,33.1848,159.2179,76.5115,205.6617,174.8741,209.287,218.6714,127.2904,243
2018-04,2018,4,111.3396,61.9097,49.4299,276.3626,160.6009,459.6661,279.405,178.5509,173.7113,171.5412,243
2018-05,2018,5,79.2566,49.0177,30.2389,279.5224,167.4195,715.1028,404.532,154.7052,165.7324,183.2764,243
2018-06,2018,6,36.8308,23.4404,13.3904,145.797,92.25,701.6819,420.2705,147.7387,160.5973,172.5144,243
2018-07,2018,7,22.5505,20.9574,1.5931,84.2564,61.6215,509.5757,321.2911,111.411,135.2522,161.7884,243
2018-08,2018,8,23.5002,24.2402,-0.74,55.9921,69.8611,286.0454,223.7327,98.9986,93.1424,135.522,243
2018-09,2018,9,15.259,21.2376,-5.9786,64.8606,69.0679,205.1091,200.5506,91.7322,105.0835,113.5682,243
2018-10,2018,10,36.885,34.3943,2.4907,83.4523,84.6557,204.305,223.5848,103.3867,96.8126,95.9148,243
2018-11,2018,11,29.2692,46.6301,-17.3609,104.227,135.0922,252.54,288.8158,65.5551,76.9773,85.8355,243
2018-12,2018,12,45.4619,27.4213,18.0406,131.1545,100.3696,318.8338,320.1175,157.1631,134.152,99.2604,243
2019-01,2019,1,7.7366,14.8468,-7.1102,48.0911,56.07,283.4726,290.1601,71.724,91.0614,97.408,243
2019-02,2019,2,11.4573,13.7901,-2.3328,24.1647,42.2926,203.4103,196.9006,88.0439,68.475,110.0548,243
2019-03,2019,3,16.8252,33.9506,-17.1254,54.2513,76.5115,126.5072,174.8741,56.2086,69.2452,75.1538,243
2019-04,2019,4,48.039,61.9097,-13.8707,81.8429,160.6009,160.2589,279.405,76.1604,50.1021,54.688,243
2019-05,2019,5,48.2966,49.0177,-0.7211,167.6062,167.4195,303.7004,404.532,98.5903,99.9844,72.7317,243
2019-06,2019,6,31.8769,23.4404,8.4365,122.5244,92.25,371.9735,420.2705,126.4801,131.7474,86.7635,243
2019-07,2019,7,25.2836,20.9574,4.3262,74.3311,61.6215,364.4617,321.2911,117.5985,118.9566,113.3654,243
2019-08,2019,8,29.2593,24.2402,5.0191,78.2108,69.8611,275.0664,223.7327,112.4321,112.8025,124.2164,243
2019-09,2019,9,27.0988,21.2376,5.8612,92.1869,69.0679,244.7288,200.5506,123.8143,134.1578,124.5053,243
2019-10,2019,10,86.8577,34.3943,52.4634,193.1274,84.6557,363.5251,223.5848,246.2736,241.2392,193.1754,243
2019-11,2019,11,78.1127,46.6301,31.4826,222.4209,135.0922,507.7352,288.8158,164.5218,161.906,181.1625,243
2019-12,2019,12,67.7043,27.4213,40.283,254.6163,100.3696,670.1646,320.1175,218.4706,247.1366,209.1453,243
2020-01,2020,1,32.4442,14.8468,17.5974,102.7443,56.07,579.7815,290.1601,187.792,179.1346,197.7245,243
2020-02,2020,2,19.0405,13.7901,5.2504,88.4346,42.2926,445.7953,196.9006,131.4298,197.0644,221.3897,243
2020-03,2020,3,67.5156,33.9506,33.565,147.2868,76.5115,338.4658,174.8741,181.981,180.4567,189.7066,243
2020-04,2020,4,102.5006,61.9097,40.5909,239.3401,160.6009,475.0616,279.405,161.9751,146.9803,168.7211,243
2020-05,2020,5,48.3169,49.0177,-0.7008,249.0188,167.4195,635.6457,404.532,95.1223,146.3486,159.0413,243
2020-06,2020,6,35.288,23.4404,11.8476,107.3073,92.25,595.6662,420.2705,137.7424,117.055,144.6154,243
2020-07,2020,7,31.653,20.9574,10.6956,96.0331,61.6215,452.3592,321.2911,132.8615,146.4471,141.8419,243
2020-08,2020,8,35.1716,24.2402,10.9314,98.3811,69.8611,301.7216,223.7327,123.2145,126.3864,129.5188,243
2020-09,2020,9,32.3441,21.2376,11.1065,103.8308,69.0679,298.245,200.5506,133.2073,136.8625,141.3385,243
2020-10,2020,10,46.6692,34.3943,12.2749,121.7342,84.6557,323.9461,223.5848,124.2614,129.1532,129.4613,243
2020-11,2020,11,70.6954,46.6301,24.0653,197.4448,135.0922,423.0097,288.8158,150.1799,143.1973,134.7084,243
2020-12,2020,12,20.417,27.4213,-7.0043,108.8594,100.3696,428.0384,320.1175,78.9311,104.155,127.8371,243
2021-01,2021,1,14.9424,14.8468,0.0956,54.8196,56.07,361.1238,290.1601,99.1725,97.3974,119.4977,243
2021-02,2021,2,18.7811,13.7901,4.991,45.9263,42.2926,209.6053,196.9006,121.2804,101.6483,100.3097,243
2021-03,2021,3,22.5256,33.9506,-11.425,57.4442,76.5115,158.1901,174.8741,65.3122,73.9732,85.667,243
2021-04,2021,4,64.2518,61.9097,2.3421,153.7522,160.6009,257.1227,279.405,97.3737,89.3962,84.7696,243
2021-05,2021,5,60.4088,49.0177,11.3911,218.2281,167.4195,429.4245,404.532,121.3194,128.178,100.2386,243
2021-06,2021,6,17.9116,23.4404,-5.5288,65.9642,92.25,437.9445,420.2705,80.6572,76.9914,99.7951,243
2021-07,2021,7,19.1425,20.9574,-1.8149,63.2045,61.6215,347.3968,321.2911,103.9817,106.1772,108.9286,243
2021-08,2021,8,27.0016,24.2402,2.7614,69.1719,69.8611,198.3406,223.7327,103.6325,99.4113,91.7983,243
2021-09,2021,9,29.0375,21.2376,7.7999,84.0796,69.0679,216.456,200.5506,116.4077,108.3077,104.6938,243
2021-10,2021,10,28.0833,34.3943,-6.311,89.8837,84.6557,243.1353,223.5848,84.3526,98.7026,97.8423,243
2021-11,2021,11,30.881,46.6301,-15.7491,80.0258,135.0922,253.9892,288.8158,70.4158,60.3029,80.8429,243
2021-12,2021,12,33.3572,27.4213,5.9359,93.4531,100.3696,263.3627,320.1175,124.9432,94.3302,81.0508,243
2022-01,2022,1,21.3213,14.8468,6.4745,81.6738,56.07,255.1528,290.1601,120.2022,143.8734,86.6387,243
2022-02,2022,2,32.0185,13.7901,18.2284,86.9584,42.2926,262.0854,196.9006,163.8635,157.2346,129.6099,243
2022-03,2022,3,23.5234,33.9506,-10.4272,64.92,76.5115,233.5522,174.8741,62.3788,79.4256,124.1669,243
2022-04,2022,4,54.0385,61.9097,-7.8712,120.8964,160.6009,272.7748,279.405,86.3339,71.8264,87.453,243
2022-05,2022,5,43.842,49.0177,-5.1757,174.6423,167.4195,360.4587,404.532,87.091,101.8868,85.6602,243
2022-06,2022,6,18.6553,23.4404,-4.7851,76.2409,92.25,371.7796,420.2705,84.4939,81.6058,85.7528,243
2022-07,2022,7,20.0192,20.9574,-0.9382,54.9122,61.6215,305.7954,321.2911,97.3779,92.0092,93.1963,243
2022-08,2022,8,38.6607,24.2402,14.4205,97.8264,69.8611,228.9795,223.7327,130.008,122.2447,96.4095,243
2022-09,2022,9,26.9025,21.2376,5.6649,95.9022,69.0679,248.6407,200.5506,113.6609,121.526,113.8938,243
2022-10,2022,10,21.4408,34.3943,-12.9535,73.1129,84.6557,266.8415,223.5848,70.1514,83.6456,104.1413,243
2022-11,2022,11,54.8084,46.6301,8.1783,135.4269,135.0922,304.442,288.8158,115.3706,98.7454,100.0286,243
2022-12,2022,12,34.9388,27.4213,7.5175,111.654,100.3696,320.1938,320.1175,115.7543,107.6793,97.4574,243
2023-01,2023,1,6.4385,14.8468,-8.4083,52.0619,56.07,299.1428,290.1601,63.6505,84.8438,99.9212,243
2023-02,2023,2,3.9869,13.7901,-9.8032,13.3297,42.2926,177.0456,196.9006,54.2948,46.1469,84.1133,243
2023-03,2023,3,50.6042,33.9506,16.6536,82.1273,76.5115,147.5189,174.8741,134.0283,97.8297,84.1208,243
2023-04,2023,4,86.4835,61.9097,24.5738,220.1052,160.6009,315.5622,279.405,140.2782,138.4971,115.2992,243
2023-05,2023,5,38.8507,49.0177,-10.167,196.458,167.4195,498.6904,404.532,79.1206,121.1863,127.8278,243
2023-06,2023,6,30.3274,23.4404,6.887,92.8609,92.25,509.424,420.2705,116.508,96.2083,125.818,243
2023-07,2023,7,16.9895,20.9574,-3.9679,68.7378,61.6215,358.0566,321.2911,91.2308,107.204,113.45,243
2023-08,2023,8,20.0315,24.2402,-4.2087,58.6684,69.8611,220.2671,223.7327,88.6405,87.7491,93.5038,243
2023-09,2023,9,32.6523,21.2376,11.4147,81.9452,69.0679,209.3514,200.5506,129.0747,110.782,101.5578,243
2023-10,2023,10,50.0057,34.3943,15.6114,120.291,84.6557,260.9046,223.5848,137.2782,135.6781,116.7991,243
2023-11,2023,11,89.9165,46.6301,43.2864,251.4008,135.0922,453.6369,288.8158,182.9241,187.2916,165.4005,243
2023-12,2023,12,29.1782,27.4213,1.7569,137.4373,100.3696,509.129,320.1175,104.0649,126.7551,161.6284,243
2024-01,2024,1,32.56,14.8468,17.7132,99.8484,56.07,488.6864,290.1601,171.0083,163.7313,169.5232,243
2024-02,2024,2,25.277,13.7901,11.4869,73.8964,42.2926,311.1821,196.9006,157.2481,154.5882,151.2105,243
2024-03,2024,3,30.6605,33.9506,-3.2901,88.9913,76.5115,262.7361,174.8741,89.7659,116.3199,141.0841,243
2024-04,2024,4,105.2986,61.9097,43.3889,236.8056,160.6009,399.6933,279.405,164.5466,145.5521,142.3404,243
2024-05,2024,5,59.9329,49.0177,10.9152,246.8143,167.4195,572.6112,404.532,124.0495,153.2922,144.8053,243
2024-06,2024,6,16.1192,23.4404,-7.3212,78.4533,92.25,562.0733,420.2705,79.8938,88.8376,140.8685,243
2024-07,2024,7,27.9227,20.9574,6.9653,73.0844,61.6215,398.352,321.2911,127.7205,121.3188,135.1861,243
2024-08,2024,8,25.549,24.2402,1.3088,81.588,69.8611,233.1257,223.7327,104.1286,111.4796,106.4031,243
2024-09,2024,9,21.3438,21.2376,0.1062,64.5143,69.0679,219.1867,200.5506,97.1374,94.4236,109.8035,243
2024-10,2024,10,27.5509,34.3943,-6.8434,74.9153,84.6557,221.0176,223.5848,84.2642,88.0966,93.6602,243
2024-11,2024,11,71.8768,46.6301,25.2467,150.3833,135.0922,289.8129,288.8158,151.4886,109.038,98.3825,243
2024-12,2024,12,24.3203,27.4213,-3.101,140.4576,100.3696,365.7561,320.1175,85.8552,133.5145,113.8062,243
2025-01,2025,1,16.9508,14.8468,2.104,50.2716,56.07,341.1125,290.1601,106.9217,86.0151,116.1193,243
2025-02,2025,2,4.5715,13.7901,-9.2186,36.7938,42.2926,227.5229,196.9006,56.2852,84.6872,108.6659,243
2025-03,2025,3,51.2229,33.9506,17.2723,90.3045,76.5115,177.3698,174.8741,144.5844,114.6784,101.3664,243
2025-04,2025,4,72.3988,61.9097,10.4891,214.0409,160.6009,341.1392,279.405,115.8902,132.1591,122.8568,243
2025-05,2025,5,64.9434,49.0177,15.9257,211.8537,167.4195,516.1991,404.532,120.3369,123.7666,127.2788,243
2025-06,2025,6,23.5925,23.4404,0.1521,102.6328,92.25,528.5274,420.2705,101.4204,101.8986,124.3552,243
2025-07,2025,7,31.5355,20.9574,10.5781,90.6773,61.6215,405.1638,321.2911,122.9645,122.4567,119.6142,243
2025-08,2025,8,23.7846,24.2402,-0.4556,73.9158,69.8611,267.2258,223.7327,107.8249,106.7159,108.3734,243
2025-09,2025,9,22.0508,21.2376,0.8132,67.7613,69.0679,232.3543,200.5506,104.3933,104.7962,110.2677,243
2025-10,2025,10,48.4046,34.3943,14.0103,111.8405,84.6557,253.5175,223.5848,135.3988,130.2941,114.9116,243
2025-11,2025,11,19.0151,46.6301,-27.615,98.1305,135.0922,277.7323,288.8158,46.8099,74.8929,95.4334,243
2025-12,2025,12,35.2014,27.4213,7.7801,69.3974,100.3696,279.3685,320.1175,125.9285,75.0921,87.8111,243
2026-01,2026,1,4.9016,14.8468,-9.9452,58.6419,56.07,226.1699,290.1601,53.5602,95.611,77.7611,243
2026-02,2026,2,39.2286,13.7901,25.4385,74.2867,42.2926,202.326,196.9006,215.2196,146.5332,99.1567,243
2026-03,2026,3,67.0176,27.4151,39.6025,158.2573,56.2584,296.3682,164.7517,225.3719,259.5899,168.0637,81
